-0.0164296844130329,-0.0225197690470137,-0.0231111164141216,-0.00775996210148029,-0.00743305702171853,-0.0342759079390547,-0.0396956641262758,-0.0138816731167122,-0.0534535573051258,0.0978061280082546,-0.00781272225429825,-0.0268416715177332,0.0308269562347086,0.00308588195342001,-0.0569239973124312,-0.0813253754889715,-0.00674685053128424,-0.066357713918529,0.0215317969946519,-0.0027246621253172
-0.0909332035223352,0.00229004479696668,-0.095635151719386,-0.0549394638946726,0.113537907027626,-0.0137891488499415,0.0772508908504036,0.00223820243056624,-0.0182264250047931,-0.00350132238491427,-0.0420976226298987,-0.0648284423197496,0.0634541062395973,-3.68668181200845e-05,0.0354940288632432,0.0786272324852692,-0.000720651069812639,-0.0244805654495234,-0.0125506177077311,0.0222543099349101
-0.00972283351735149,-0.0437184827913642,-0.0314723525391765,-0.0200309477392316,-0.0113917001086283,0.00932121645185008,0.0828194247958591,-0.0190502860300784,-0.00873850347651159,0.0213743024038005,0.0119557959859481,0.0536335785374291,-0.0553843806345966,0.050814832304918,-0.0127045910426311,0.036561868003998,0.0302983771213531,0.128328103383504,0.0170974536045522,0.0393846694933952
-0.0388595981461725,-0.0181514049701292,0.0799159637316323,-0.0756922287498784,-0.0257205413253342,-0.0495131115842361,-0.0342498214485726,0.0969578674490486,-0.0378872941176766,0.046065128452025,0.0138043456298008,-0.100971897408787,-0.033396600794139,-0.0569537800289498,0.00845480082655001,-0.00500823627303165,0.0136953446278171,-0.0312211879571602,0.0139890467324325,0.0864652915833642
-0.0659478617909248,0.0155323242016434,-0.00418750141136586,0.121889164384388,0.0580283575316555,-0.0390808015521784,-0.0930546529387643,-0.0349582504039896,-0.0438562673956249,-0.00225146003250004,0.0650341141940486,-0.0652138955236552,0.0484854358961206,-0.046786841577665,0.014393051779625,-0.0627800621712336,-0.12009212667568,-0.0554334932776181,-0.14474212396861,-0.0681159277460646
-0.0664375828248917,0.0230471615698456,0.000133348619786394,0.0450251218611617,0.0171484020170918,-0.0813388618150971,-0.0822364248295136,0.0288302166608931,-0.0489768146119554,0.0453197110267875,-0.0331356638231606,0.037906891107223,-0.0279208751245037,0.0327250813984177,0.00456163819959515,0.0279595670669475,-0.0667823115541116,0.0517298210570417,-0.0128756983158916,-0.0150366558200622
-0.0368258191530181,-0.079912340356987,-0.0193216882030421,0.00975913377624133,0.0833045155956617,-0.00909558911187402,-0.0118611780350011,0.0236116255050094,0.0182523459835309,0.02549644631018,-0.0174670294999786,0.0290475790223153,0.0210822702701048,0.0240382990332206,-0.0905864395619058,0.0982917620493028,-0.0553278380826283,-0.0170304747161106,-0.0460299929017025,-0.0565850826820346
-0.030346166199064,-0.00193189513359363,-0.0851992955750704,-0.0107137488356717,-0.0251987558339049,-0.0327605200143644,0.00535460440778278,0.0617248378877855,-0.00536656710537492,0.0573958931000193,0.0735575412622949,-0.0190501638882537,-0.0522089947070478,-0.031532272490788,-0.0395563453484253,0.0755428465898831,0.0220985965475098,0.0247675609357978,-0.000558834274949175,0.023639635900765
-0.0705765071562212,-0.0191541577178091,-0.108256761091356,0.0890719344308788,0.0126047069307783,-0.0127016861023031,-0.0215644898847581,0.00509984430618393,-0.0322811496791027,-0.113539362232715,0.159677792173225,-0.0437229679021263,0.056260404487512,-0.0236854995580657,-0.0703604157679206,-0.000753604938342828,0.0575118557444017,-0.0328483460737385,0.0259850056179274,-0.0472882246407824
-0.0659639731313371,0.0219456503130989,-0.0303417240119448,0.0673896521170996,-0.0480359714992059,-0.0657750343949696,-0.052319511545893,0.00457234752756909,0.0125620751610925,-0.0321794172128794,0.00388461461456035,-0.0820428065386162,0.0597586245596091,0.00685038400329751,-0.0643736142243415,0.0386849219773795,0.0397435136142406,-0.0586608849146568,0.039119234930267,-0.0599848990341887
-0.061578316103179,-0.0261824492671807,-0.0140595268291532,-0.00550047025245228,-0.000477373410825921,-0.0178793683151433,0.0084995093247908,0.0219790953685477,0.0309560082357441,0.0409510800125893,-0.00621089270856488,0.0062837066126257,0.000481444031490551,0.0264021592834561,0.0406270195605896,-0.0667732491301595,-0.0161570461235663,0.0959805401980787,-0.0346255978839033,0.0414185765854634
-0.0105370172686094,-0.0913494767826198,0.0395815732327627,-0.0128769100451666,0.0123517009397081,-0.0506131409210241,0.0224350415734553,0.0511689947067778,-0.0381563007551361,0.0521626010861253,-0.0315962556803355,-0.0293788165975094,0.00213538324080655,0.0524753836938734,0.0134962972168051,-0.00245473920377311,0.0424889607901757,0.00565099978880001,-0.00135153339248346,-0.030687222493106
0.00617660687223569,-0.0969595669037342,0.0347534935408053,-0.00136121964136121,-0.0488008678435473,0.0419318896592589,-0.0377241013124346,-0.0164477821397014,0.00514232006968388,0.0579781207221653,0.0956766560141898,0.00304885721242912,0.0494784276770391,0.017706167059356,-0.0373048711045975,-0.0323785096220379,-0.0566468176833566,0.00888775988060185,-0.0245216906345478,0.0538300064898799
-0.00959760071848334,-0.0842772041683367,0.0452216464679176,0.0232215747423621,-0.0325594226651242,0.0448659754997811,-0.0157810443483878,-0.040498687532611,-0.0252177352040351,0.051757721337569,0.0275221611874,0.000224834595358916,0.0409095849459613,0.0477171015597241,0.0108987123361028,-0.0317260143789507,-0.0276894229793999,0.000849655888556444,-0.0198162788707384,0.0326244353899562
-0.0223349483491241,-0.0788602788688101,-0.0209637366327159,-0.00363743046061491,0.00747853830567456,-0.0566083641046464,-0.0242264437392228,0.0314844539003848,-0.00722438903166566,0.0735410346739074,0.00498675943341434,0.0301829883346152,0.0410655626088141,0.0487041677852887,-0.09690884802567,0.00721264804929078,0.0375508432472052,-0.0105900491190426,0.00167909340394903,-0.0474751406022205
-0.0309024527974427,-0.0624306289972459,-0.00180575932368816,0.0253435656520395,0.0272465237113126,0.017646436315325,-0.0357815121270189,-0.0632140555142663,0.0266934462858007,0.0504604376401682,0.0023311402990561,0.038096615124431,-0.00100190298303861,0.0309276493553438,-0.0422394377067042,0.0690503761420608,-0.0444979966047407,0.0798611372769619,-0.0188583125118521,-0.0357281546090254
-0.0204701174099255,-0.0366059516067686,0.0357144892807842,-0.0262471535987824,-0.0100408657031029,0.0251248834671328,0.0466699662111909,0.0582492571550323,-0.056183696570636,0.0268132712564624,-0.0912550887063193,-0.011555634022654,-0.0617403651624168,-0.0331942446009284,-0.0779436428061461,-0.0786881683790246,0.0414610214002679,-0.00632846866350066,-0.0627743962222085,-0.0299967492299196
-0.0229128853460311,-0.0740698971223789,0.0106125565340219,0.0459421987465043,0.0217577703507621,-0.0455914408387355,0.0472187481413646,0.0630247159514735,0.0145293010013187,0.0959789904133721,0.0164434770989412,-0.0450883097928995,-0.00417378029920669,0.0195056051681307,0.00598036104177818,-0.0141610138551313,0.00411314102742027,-0.0123022340037733,-0.030491934505442,-0.0326190981201772
-0.0846103833491781,-0.0133738650696129,-0.0578398501518438,-0.0163592710059472,0.0425145601063866,-0.030980638886415,0.00132761832511023,-0.00408634155867836,0.0253697807200171,0.0482245378490944,-0.017875515611521,-0.0158943503281639,0.0303643483099177,0.0390739375877172,0.0251118688419267,-0.0348992764711969,-0.0365540682153453,0.0734603594114753,0.00330835070473301,-0.00407984721437263
-0.0870083942571071,0.00304282730101131,-0.053114561568285,-0.0272868937746789,0.0084663973905408,0.0221456859314454,0.00806399887534123,0.00934029655912422,0.038939577542863,-0.00627054776867491,0.00453811168167527,-0.0154026027087007,0.0373976352258606,0.0308976260086331,0.0447689182680369,-0.0335735430119513,-0.00454065117863347,0.131463000849654,-0.0680107641911671,0.0880229276671372
-0.0859542215525284,0.00806654967098659,-0.0236878500024568,-0.0268298758674049,0.0964214473138041,-0.00332227137795332,0.061820764827859,-0.0292609087739373,-0.0410101242691047,-0.0193053872524767,-0.0688696565180452,-0.00996713595632312,0.0472633372497065,-0.087457089521741,0.0129747973231072,-0.000205950205853178,-0.00884847615448069,-0.0265089600111052,-0.00220323905556839,0.0428521351330502
-0.0583205635097441,-0.0138138487087375,-0.0504004104273887,-0.060804267220743,0.0588702189081122,0.00465367524968196,0.00246483200103358,0.0586221240931446,-0.0180165934176189,0.019897390944754,-0.0613255096875989,0.0797373425542384,0.0595072641559986,-0.0335005905547744,-0.00364757897886437,-0.00211687527433094,-0.0624541078183826,0.00195608304819444,0.0373274626839617,-0.013783630690734
-0.031815221663831,-0.0254685138661361,-0.0176741809290839,0.03607842868467,0.0730217478184215,-0.0148704369965222,-0.0356587084381908,-0.0525790940948585,-0.00996830370255239,-0.0105825538828101,-0.0726562949183607,0.118380215519902,-0.00362508150938195,0.0506782311264001,-0.0490136996434284,-0.0491081354859519,-0.0110111708104284,-0.0173525362492554,0.0695990992086804,0.0351586506527837
-0.0200731345931343,-0.0107144456558318,0.00148463775127046,-0.0583298464894802,-0.0348367345449612,-0.015708555635758,-0.0216583891835167,-0.016920622176926,-0.0560727359722316,0.0365619011344897,-0.0830402960277992,-0.00894057311083739,-0.0270997576581315,0.0960858861807382,-0.0773242007279296,0.0300246995282841,-0.0486732080099852,-0.0950113718521526,-0.0193768526139882,-0.0327073435543063
-0.0630773131488722,-3.01585309046893e-05,0.0114388697599731,0.0739954313232038,0.000735135806842426,-0.0200861195964267,-0.0394735363734993,-0.0860354939944727,-0.0908020253101938,-0.0311481532466151,0.0642275233916125,-0.000672125577990537,0.0387098793136903,0.00419525002018435,-0.0877890906165287,-0.0317023303754997,0.0186570160711125,0.042749010222378,0.0139904202973643,0.0317494981454603
-0.0109994705515949,-0.0562683765865073,0.0560541281029373,-0.0469657852005532,-0.0246142330719058,-0.0102122109508964,0.0376444209206378,0.0629888837594021,-0.068455104346405,-0.0273726557488815,0.0259116697537224,-0.0657915628469143,-0.0157306383608118,-0.00245902056827382,0.00492387057327324,0.0360737386996439,0.0207197217024133,0.0314032393720063,-0.0191141569179698,0.00196619383362446
-0.0192831356394455,-0.0637870379898359,0.0160797403459643,-0.061994900999674,0.0233585949599331,-0.0157397253922895,-0.0836698696473835,0.00599671239780108,-0.0418659872629242,-0.129395576498107,0.0266963195548085,-0.0494978415040621,-0.0494759063358986,-0.0182733064010197,0.0521999923873234,0.00103094701672777,0.0319507380839824,0.075022068054624,-0.00936456525898073,-0.0370918453593444
-0.0483114292455866,-0.0316492631075269,0.00122760297243467,-0.0147247962608853,0.00497548065908,-0.00125360242039343,-0.119621972376623,0.0432347346800058,-0.0469251340293121,0.0233123339902317,0.0215486705341009,-0.0925239741781968,-0.00934850449415835,-0.0730120071949276,0.0403486192112036,0.0191667135486539,0.00500785823087855,-0.00984636562908311,-0.106260798819549,0.00216205752921374
-0.0224509734824908,-0.0684203076601975,0.0240165700434486,-0.027376972960108,-0.0209354209468941,-0.00607527486534085,-0.0263974518207847,0.0607551316432273,0.0117881738832934,-0.00606237621336204,-0.0403158073393997,-0.0323976793112175,-0.0355226413879813,-0.0453249849786426,0.0131499141783694,0.0643856180680768,0.0435061962976988,0.0178823830631277,-0.00959539658817054,0.0168865847202752
-0.080659319728235,0.0344881228632659,-0.0179937343522631,0.034252150748077,0.0948840802231034,-0.105228437664908,-0.0195189760546224,-0.0281299433406509,-0.010807725342013,-0.0284748310499323,-0.0266154657927102,-0.00489279984735286,0.00360396348048613,-0.030022115158215,-0.0271886464444861,0.0338610106695848,-0.0050047636984665,0.0413325066073605,0.00467630755291759,-0.0267152881303312
-0.0287879497486516,0.0431277093261308,-0.0267611479852598,-0.0552235148454221,0.0168811853883474,-0.0068474133418839,-0.0260499523792566,-0.0658329724785893,-0.126243099360361,0.00960756180426379,-0.0544405534444706,0.0672074754706646,-0.00520306101159151,-0.0172687714031163,-0.0522355705147849,0.0107058968421173,-0.0907813080254308,-0.0259543376135084,-0.0212961314457176,-0.102434562155524
-0.018841890613791,0.0137427122735567,-0.0058070014563179,-0.0304627685765655,0.00582476058134132,-0.0189097512592733,4.91793185662463e-05,0.0111110087446635,-0.0732029175716045,-0.0510921997860025,-0.0579541680485346,0.090077744115684,-0.0286438556159797,0.02583199502325,-0.027428754983637,0.0124183677521949,-0.0957063893513533,-0.0602392537407164,-0.0278097265632864,0.0473804822116211
-0.0449435660384002,-0.0287004136229394,-0.0283264397779897,0.0218499218995019,-0.0615887392095295,0.0388270296904808,0.00296421089288723,0.0660825888987385,-0.0920472171547675,0.026722094282424,0.0849868666198323,0.035255648490683,-0.00176108256619443,0.0224604973896836,-0.0546847547148487,0.0170065671206923,-0.00885663071977131,0.00803542459275587,-0.0263167730117825,-0.00728420002053191
-0.0577495445717265,0.0135012722138795,-0.00768680032167376,0.0262654242915708,-0.0148882910283228,-5.83747199491746e-05,0.0439112427868126,0.0251543898964756,-0.117899260597934,0.0725196138664142,0.0653209917994862,-0.0567041673473406,0.0361036391418202,-0.0298845467345956,-0.00555810067029241,-0.000204294236421488,0.0109112551675498,-0.0271953575722161,-0.0327767355211729,0.0042939934058184
-0.0122575762728566,-0.0453869622388294,-0.0278704611201731,0.0431140255248103,0.0140039977543997,-0.00843929298800258,-0.0245715090179965,0.0188449191659827,-0.0673569427692568,0.0311537392200541,-0.0538563098741289,-0.0114286260447257,0.019999978554096,0.0847052603266129,-0.0196861230427885,-0.0441166770234505,-0.0684588818576162,-0.0874496612001772,0.026428785470543,0.0518401695186878
-0.0263936761607927,-0.0682496578965355,-0.0197833767824745,0.0115755560874349,-0.0587481590415099,0.0649107397869034,0.0421536974733286,0.0005270385938168,-0.0606624223094044,0.0677705578373766,0.0402116816705417,-0.0551371454930129,0.0383539140671077,0.00705855445026458,-0.0143254820477696,0.0238473732788078,0.0339887914157009,0.0235865899339038,0.010479593014436,0.0494401070961285
-0.0277872141677391,-0.0576543815789917,-0.0426422498992414,-0.054596229282662,-0.0468135514093857,-0.00575295352443373,-0.045128445437304,-0.00125561816288401,-0.0688663295948578,-0.0201074691700527,0.0829173014144995,0.0626305151726473,0.0172847056941286,-0.0182475009689837,-0.0745812101488186,-0.0792414335265203,0.0879413086488172,-0.0272137477424034,-0.0466339931291701,0.0592625502175495
-0.0393571721055668,-0.0207497926795465,0.0274344402027686,-0.0151640974864087,-0.00657026806720161,-0.0215133151195065,-0.0226909675501294,-0.0311421759553325,-0.111879557906956,0.00019818609946619,0.0230839075178375,0.0157659368708065,0.0146402769082748,-0.0168832786193264,-0.0371634715615976,-0.0206642580888951,0.0305491831458741,0.027367546960645,0.0753431821109232,0.0517912232314564
-0.0245759472199319,-0.0433330950546178,0.0672318465721768,0.0115790810060987,-0.0405351675077716,0.0501220797838047,-0.0969644593397614,-0.0403496039253499,0.082936310332166,0.152064748849445,-0.0532517277314888,-0.0485151491727112,0.052554262644272,0.0186440140345596,0.0178344318082751,0.0121775059472019,-0.078932934424503,-0.0108285468159039,-0.0659690975391721,-0.0333461783718745
-0.0276607937065536,-0.0365651122125139,0.0817378415928943,0.0298464993548552,0.0237883052250128,0.0355349006037448,-0.0460462368542392,0.0196701690570405,-0.0134068169107067,0.0380782464319221,0.0222450104103619,0.0291529554797489,0.0514079971461484,0.0428453831163046,-0.0389262486138401,-0.00951830934637707,-0.053436115941114,-0.0165832718246216,-0.0410544660601326,-0.0140515509548998
-0.0462412802835178,-0.0152207326152999,0.0438217158464216,0.035334146816316,-0.0469559753514409,0.0282677610728111,0.0506380015856958,0.0360985870735733,-0.0509215402663934,-0.0159897370000819,0.0494419721261913,0.0514945625608526,-0.0325027848204576,-0.0130768932161499,-0.0153683618872264,0.0826745456677562,-0.0345152654008983,0.0707517098260296,-0.0612466873986648,0.0770509041363766
-0.0673254179094906,-0.0376212574927056,-0.161081209306339,-0.0894206320928406,0.0435293778868753,-0.117548964773993,-0.0159813467765186,0.0405119726256004,0.0172492610865402,0.0673489175529062,-0.022092095805944,-0.0504717314450774,0.0462618528965092,0.0878390255863074,0.0538395025649491,0.0128820364232101,0.0661179414638488,-0.00245046916627407,0.019041070313736,0.075247978310072
-0.0151149332431756,-0.0472536980099224,0.0208262783597096,0.0765576895875933,0.0522318542620221,0.0178397911946033,-0.0316218785686727,0.00820067338339359,0.0032385339227731,-0.0383229629932241,-0.0170677828223784,-0.00182448632967673,-0.0279403694925251,0.029949544644958,-0.00411591883770982,-0.0726550099277948,0.00109561477201768,-0.0204324186326116,-0.0135812438054078,-0.0770008591212867
-0.0886362907057944,-0.0314677976758156,-0.0653845631467738,-0.065190348439769,0.0455919300137187,-0.0688446123256838,-0.000771163845714757,0.0347897056307656,-0.0024676074372644,-0.0452228199653058,-0.0141123645181166,0.0571131022819798,0.0905169302647079,0.0576231874337317,-0.0154814203067161,-0.00901661603981751,0.0205522385634255,0.0230788190259109,0.0187733825739793,0.00982672722635531
-0.0606551149901661,-0.0493369415659592,-0.00662825497515722,-0.0100882754350573,0.00251608913077486,-0.000246272332830892,-0.040142228265421,0.016018738681411,-0.0171114201818867,-0.0187516204105294,-0.0147983302250675,-0.0240437344395353,0.0305926611413642,-0.0302946154358699,0.0177303489391547,0.0623642180405351,-0.0251723046261881,0.0167468740587453,-0.0853810189478725,0.0324354497976339
-0.0409796904512138,-0.0541741448861858,-0.0490449351875663,0.0146725068778184,0.00882742890156775,-0.0266684892604994,0.0377708868467205,0.0144435268101922,-0.00280841490134464,0.00604555746661326,0.0321123581364427,0.0288644769404343,-0.0300890977487797,0.0771746504795076,-0.0175904215775489,0.0558265423873381,-0.0165371436337482,0.0131334869624014,-0.0902803975957609,0.0298618789768786
-0.050218737429548,0.000937882594716392,-0.0138759398634497,0.0399221862506203,0.0282003886276669,-0.03374931023458,0.00268993208340935,0.0531952160287039,-0.0485002853390992,0.102636531606837,-0.0628112909509513,-0.065463855307315,-0.0199800996757001,0.028868304719788,0.0150353155442117,0.0490940464401774,-0.0362235039993251,-0.0324033559011939,-0.00563011356107865,0.0304494195123292
-0.0315177073539894,-0.0401925175838167,-0.0217830917306093,-0.032525359300879,-0.0869438388866274,0.0116055007762515,0.035083849087439,0.0955632170864716,-0.0445618802035295,0.0549892704474078,0.0256955232024518,0.0269855102593011,-0.00371794545977841,-0.0346253780986642,-0.177421465211136,0.0412109423943407,0.0478306283905637,-0.0682412852301662,-0.0643795007509009,0.0266509581391682
-0.026077943965764,-0.0725200374076366,0.0536896391932326,0.0372078277857397,0.0313682309629166,-0.0174163396854267,0.0303785760803332,0.0332091874972826,0.00497434273023275,0.00682999072995866,-0.0226731076088307,0.0134373389657063,0.00277035702142711,-0.0299998455499476,-0.00466149030502461,-0.0213325268556814,0.0310247863297849,0.0216063838165875,-0.0624357503569187,0.0261886808645704
-0.0409612125541985,-0.0428814291909498,-0.0618199608940712,-0.0298706536039325,-0.00642591722463198,0.0130282634459994,-0.0412596052121986,0.0730347471163071,0.0423802229431889,-0.0443879461362724,0.0733493972371014,-0.00787243670433296,-0.0525882038857846,0.0463685675753906,-0.0161551300188162,0.0342212325933062,0.100126848078758,-0.0153151841944325,0.020063174138764,0.0766846560682193
-0.0703288289653436,0.0320500798664345,-0.0424044641352786,-0.0984784127180469,0.199836395662262,0.0461865447518445,0.00650327339548494,0.0431363124943024,-0.00671440150970799,0.00130824551010624,0.0203899356296345,-0.0594694857806738,0.0772261400457998,-0.0384501106426689,-0.00712381668428369,0.0403662356684381,-0.0484003746583982,0.00107379177607649,0.0505954404568427,-0.0531547701037277
-0.0387488887356129,-0.0779054749557882,-0.0404858885478264,-0.0211818230736836,-0.039762938763154,-0.0139863570815638,-0.0125103986315406,0.0466801465149869,-0.046490853238862,0.0326690989636232,0.069003028026212,0.02904543342395,0.0132014378095416,0.0136719751887087,-0.0563618115967647,0.0051672833212827,-0.0112791210807619,-0.0194156583986617,-0.00177976753446324,0.0236939155403183
-0.0315403130842899,-0.0761169103184532,-0.0323422115541602,0.0174502195577444,-0.0299580224760053,-0.0133901929810046,-0.0563534811429418,-0.0128746306513762,0.0430876065227274,0.0591100368956963,-0.0156027610389541,0.0528912136984358,0.075966207745566,0.0680978587823798,-0.0610553207183447,-0.00321024032912659,0.0486897541780626,-0.00373873061295851,0.00156805684930893,-0.041879665756203
-0.0442980365046915,-0.0173660193598376,-0.0277860725990993,0.0016604940598677,-0.00508252767132143,-0.0959963019231482,-0.068001118061191,0.0585314387585915,0.0365613657576113,0.0346161051802648,-0.00882739033812065,0.0957370037811253,-0.0219701999157627,0.0105004789519023,-0.120212831276156,0.0803810117297799,0.0425786732709921,0.03078212477826,0.0358609236889256,-0.0354999395984229
-0.0502875240769014,0.00570342208805252,0.032573270388444,0.0534724252438645,0.0279173026189964,0.0161891704526726,-0.0706267313449668,-0.0651634529900947,-0.0506079575515112,-0.000790666857412261,-0.0194309322423534,-0.0389348262339057,0.077069676678104,-0.0599371271313886,-0.0661583005965333,0.0554075247797243,-0.0386094439580986,0.0388418008129323,0.0264940835169739,-0.0350464654044702
-0.0024393850602584,-0.0708774782496101,-0.0215478925562022,-0.0513514211972549,0.0979706604889583,-0.0106604565882945,0.103431848701215,0.0616185100288144,-0.111834922827095,-0.0631553891415551,0.068242566542622,-0.0164541406703604,-0.0326081271639572,-0.105901936306006,-0.0204095765166173,-0.032452504953613,0.0162684291039392,0.0340668668570842,-0.0149301397980569,-0.0725634304189323
-0.113041241755299,0.0181526808131063,-0.0587620686869677,-0.0349499562153795,0.0653701889335456,0.0300640440804211,0.0763456618119784,0.105455644549377,0.00501704373449206,-0.0835636118581821,0.00303061223811051,-0.109905390982137,0.0418465754468251,0.0722939139214185,0.0196834364759377,0.0233262962196127,-0.0692928907469106,-0.039735535454784,0.02841309576089,-0.0151875169719653
-0.0939746734935371,0.040349762201047,0.00431230202562301,-0.0428344705563291,0.0707491913166823,0.0680006775767253,0.0292133357894021,0.0655194317220354,0.00977961732306625,-0.0413022189168423,0.0216657149899688,-0.0193667927558117,-0.0182347730571422,0.0184587404345883,0.0588339542980246,-0.0461895478388707,-0.150088230759384,0.0278590309602179,0.0112458045307666,-0.0656176333954978
-0.0436359615452368,0.00590041659832339,0.0828169069632589,-0.0368867684669568,0.00506354749581063,-0.0449585459319696,0.0514876394676013,-0.0109777475819701,0.0240467611520612,0.0171123851167693,-0.0729590952672845,-0.0232657574401294,0.0408742078288302,-0.0799183343494916,0.0705873920898958,-0.0249618571467778,-0.0297727206401965,0.0402890118771265,0.0515714383032018,0.0101418559393918
-0.0277214530624551,-0.0475876415699443,-0.0462983494224677,-0.0172767352828069,0.0706451434969147,-0.0251529029345843,0.0942184412300262,-0.00712369534525909,-0.0854349137919703,-0.00684464777929587,-0.0280953485860815,0.0426308883669712,0.0879703610472312,-0.0632339709536186,-0.00108377387176394,-0.0183750898289964,0.00352820993014141,-0.00730241689527783,-0.00251360676435292,0.00129793762554347
-0.0765210574476715,0.0140734864470857,0.0276594936232447,0.013248232253001,0.103465947790336,-0.0439263223979031,0.0366629615445333,0.00110175590169706,-0.00400137433130784,-0.0129262101781465,-0.0491978038790794,0.067051333267555,0.0716031848035456,-0.0942860389278724,0.051599261805713,-0.0503231792542567,-0.0625768273893467,0.0103080016189479,0.000503273946090173,-0.0134484775664634
0.0232551452538451,-0.120849172178385,0.0419211371996263,-0.0220555098505227,-0.0788551910490384,0.0122836724467112,-0.0290653122971825,0.0353412797172675,0.0328543127335926,0.0559129763844716,0.116101217961348,-0.020654712969644,0.0250490452473764,0.0850400593379117,0.0748031983174477,-0.01455212100587,-0.0566918949789625,-0.0280758978778068,-0.0140870049259973,0.0663732328209119
-0.00533994933537281,0.0406074125376259,-0.0157034532683144,-0.0211191353265701,0.0295411021139434,-0.0470103350464632,0.0216791346372613,-0.0811972189620826,-0.0854916847317556,0.0859553914229762,0.0269128488932094,-0.0767392095491078,-0.0461322569359806,-0.0267160926705301,-0.0236169257699237,0.0163387144944851,-0.0416495193910883,0.0546659016045347,-0.00904725854219256,0.0304208908429166
-0.025542575688478,-0.0633812560829661,0.0300194319932035,0.0528395657186268,-0.0236221254004878,-0.0749187383897144,-0.0388755095870094,-0.0114613969511556,-0.00829941435700027,-0.0224598890700852,-0.0236502102906333,-0.0336380018636134,0.0472847988784388,0.0164140330867112,-0.00504642758063777,-0.0596979460567466,0.0595114396258994,-0.0274656532797087,0.0172945832178327,-0.0971453110014961
-0.0716257403199712,0.0345159480601475,0.0206618224143716,-0.0640902158066949,0.0531055205776719,-0.069846705202421,0.0517039734121197,-0.00312008950026146,-0.0101743306149619,-0.0467887473518157,0.0117545397698713,0.0274526314338792,0.0205295210272394,-0.075205232707454,-0.0486939543829205,-0.0700717317438582,0.0117494732007465,0.0361140728774059,0.00115659274286689,0.0358382113060856
-0.0451422845976004,0.00202589101996882,-0.0701878547708519,0.0312771872369153,0.0326184334280339,-0.10833625203563,0.00100381160034883,0.0466615417464893,-0.0751580155344104,0.0427745689400804,0.0555790014688297,0.0313555385581858,0.0363663780672339,-0.0901796061140648,0.0122007270568169,0.0227393607541009,-0.0256327989585156,0.0308029022918875,-0.0463530709416547,-0.0252333878185704
-0.0108839481452038,-0.0674447493255566,0.00842417306827461,-0.0465493113206942,-0.0072526536979569,-0.00251065357120718,-0.0543002101029385,0.075448663610712,-0.0555390774971544,-0.0870629852753778,0.0194282323957053,-0.0506817825377153,-0.0663955836386303,-0.0496668933510442,0.0645576658847796,0.0572557588313396,0.00163332706347025,0.0281937608201822,0.034486281877792,0.00745975136265518
0.00282516289543384,-0.0848242004658902,0.0248452749803982,-0.00740386233008201,-0.029397280454188,-0.0119253959499431,-0.0196425864981517,0.0458613472716636,0.0347664372155884,0.0255416095743487,-0.0276334396977272,-0.0154857903470375,-0.0373691337897711,-0.031613491438463,0.0211291909375591,0.0474150026022203,0.0447289788534947,0.0646969224189653,0.0449233283812421,-0.00554757317555738
-0.0187370094478431,-0.0729189468314308,-0.0229723971179829,-0.0171903850491753,0.0172879328563359,-0.0136696949233302,-0.0424763210551934,0.00710468617194008,0.0376788341659311,0.0367907591847206,-0.0109113733700648,0.00738095936286629,-0.083749865310655,-0.00281140801146833,-0.0207834818510264,0.0826484872030345,0.0422445681514218,0.0620732180860921,0.00686260621077215,-0.0262169254631225
-0.0474824589948879,0.091360495271575,-0.00237877606255693,-0.0322461932381593,-0.0223009171672914,-0.0374891248600318,-0.0623032332864244,-0.0251210454567574,-0.0585482985146377,0.0216662607580907,0.0156875725941648,0.00321382808186775,0.00521237187544053,-0.043128725696156,-0.00974558303589611,0.057690265863549,-0.0478402083736236,0.0133311179777779,0.0307954660235658,0.041936418986202
-0.0719540599441292,0.0378038721822589,-0.037904936499338,0.0805447895130395,0.0138352552923285,-0.0398927182581158,-0.077023270396188,-0.0739870349849389,-0.0483014845748122,0.0227523372149209,-0.00756142668552628,-0.000832657147638417,-0.0271315140761232,-0.0511818478053574,-0.0333096089828521,0.0145860757151928,0.0209655914804819,0.0728610048562092,-0.0462078308764121,-0.0198668327054038
-0.0563381826109183,0.0099392261118947,0.0762769817329318,-0.00862018496420065,0.0286708736132481,0.013707356932161,0.0209321274123548,-0.0298307811462931,-0.0665272450740661,-0.0840269035218823,0.058674783610901,0.0104419272366543,0.0647002261832239,-0.117269736345264,-0.0544657987008138,-0.0871710710566357,-0.00992993709882492,0.00361333408956089,0.0218359657727969,-0.0200542199636375
-0.0664795271234254,-0.0168799234078912,0.00639939176244948,0.0638376474547602,-0.00881667276624824,0.0371552576656184,0.0113734698010785,0.017443288287414,-0.0535457449680291,0.00095610878912908,0.103416417424732,-0.0279013700604289,0.0222501579859528,-0.0308059866282926,-0.033344163331678,-0.0335690161120234,-0.0427625735440025,0.0277324547641859,0.0540867570940952,-0.00981432329334163
-0.0717956683277256,-0.0194283891340754,-0.0225125240856299,-0.00406789926185965,-0.132470964795867,0.00540371756758126,0.0111088489465436,0.00743063578546323,-0.0535566323558328,-0.0206985846158323,0.0406718957780137,0.00399819486388728,0.0347426649328481,-0.0669992557363258,-0.0723494901818011,0.106929989211771,0.0558631170445163,0.0185429386928912,-0.0206732449088107,-0.0255415691024227
-0.0640048659926071,0.0135528023625805,-0.0351793544416276,-0.00700804585102076,0.00452545297117848,-0.089044228470825,0.0626644575442865,-0.00621680711614744,-0.0215612818875643,-0.0231967041791567,0.0568750017377943,-0.0413354966274245,-0.0215723326584464,-0.0395958294446591,-0.0255109805035607,-0.0937098223512621,-0.0391570077991618,-0.00963033170583994,-0.0964706545018642,0.0371910113023212
-0.0516931262760668,-0.0326147777217761,-0.140484987581494,-0.0422285327281441,0.0110289435039481,0.056367751698831,-0.00478687394769273,-0.0616811424526848,0.0415138468984466,0.0381154674380144,-0.0788959591324055,0.0735909135106752,-0.0134700543806715,0.0219229580163724,-0.0152599735696555,0.0192998826932036,-0.108076186744723,0.031290906950624,-0.0451950529183071,0.0313264903237084
-0.00459282789505987,-0.029650185530681,-0.0268763451437649,-0.0259394709366028,-0.0207861811473734,0.0224944410657053,0.0566396151032086,0.0126072829171166,-0.0166018107079189,0.0142368699847607,0.0282407840514607,0.0352926111061491,-0.0461463894531609,0.0941242226736882,-0.0926076854688446,-0.027011886346394,0.0582543288676337,0.0995078179583487,0.0912813865692922,0.00290277717509804
-0.0435438967921339,-0.0388990770266544,0.0662997219438081,-0.0347429143861934,0.00215867802478163,-0.0371932665259623,-0.0270712591858899,0.0480209122413492,0.0339580663970808,-0.0217940526131208,-0.0382584855432386,-0.0949023639961378,-0.0128187753400087,-0.0385615958739683,-0.0827166141478303,-0.0102954065068742,-0.0401328778769968,0.0219121170629481,-0.00981982275658683,-0.00439539693798948
-0.0246509143905867,-0.0166135817407737,0.00960360949883144,0.0385341268565994,0.0429666638999101,-0.0173232310170027,-0.0375275159468393,-0.0797644200595959,-0.0256718102431269,0.00958107513189645,0.0406220660549291,0.00192543538592169,-0.0106249368608171,0.0389139911164289,0.0169312539422343,-0.0860889994561759,-0.0846654032650354,0.0981461477670112,-0.0339399992197675,0.00288037851098719
-0.0903018809681356,0.0439781613678382,-0.0398916542022378,0.0757409601306347,-0.0156889271091818,-0.0983081737933086,0.00530548453238112,0.0202956047985975,0.025857421129008,0.030400343105987,-0.000481237229991922,-0.0399839400614495,-0.0104686021295495,-0.00719962705297024,-0.0281326595083689,-0.00482589012033177,0.00904916073528298,0.0133489608992532,-0.0605604160240115,-0.040385419953178
-0.0251082042547619,-0.0556775977360415,-0.0399874244860878,-0.0401021820325873,0.0194038213035911,0.00256670615967782,-0.038051090798465,0.0294381766790155,-0.0190500301363106,0.0359257848997643,-0.0195380248907051,0.0849587996747527,0.0105925087319759,0.00328467259874614,-0.006560704858077,0.00342002058827989,-0.0696615867422012,0.0562675035971206,-0.018433874634584,0.00705901719631279
-0.0411610056389282,-0.00182915076755485,-0.0777010404058722,0.00497207573897059,-0.109691280852909,-0.0306667090893632,-0.0172307016155826,0.0242747281833727,-0.00309440500456052,-0.0217495248710267,0.0694177910352815,-0.0258164974704401,-0.019005330505419,-0.0222800307457901,0.0100114059623456,0.100295945938087,-0.0729420635344793,0.0174650556305584,-0.023167127024247,-0.00979982437856453
-0.0745682687791308,0.0553152743775887,-0.0468722492995572,0.0804353700287583,-0.0365183031345364,-0.0237226805678787,-0.0109811687531461,-0.0178061167802015,-0.00470400369545165,-0.0239801130890903,0.111113277883132,-0.0222116259470751,0.0400927286890617,-0.105518203825721,0.0116678521797487,0.0167848019520733,-0.00675951608323189,0.00773360302369534,-0.0218970216620391,0.0933541287543362
-0.0563352801999881,0.00934247284371659,-0.0411298405316336,0.0353771858069427,-0.0718423729407419,-0.0694215751977943,-0.0307565895842373,-0.0525494636903909,0.0426137527468287,-0.102186908203186,0.0463014772324928,-0.0203070822494869,0.0468595584496578,-0.0371799024525676,0.0391560344041247,0.0985435562621528,0.00886339700638964,0.00335547412209269,-0.120413951401743,3.09807385365767e-05
-0.0663242789511314,0.0255368351011164,0.0625183075916523,-0.0457296399659477,0.054385712452489,-0.0349501893387841,0.0399004552658266,-0.028948390927945,0.0788771081026678,-0.0236426285284029,-0.0147163875342267,0.0186880935019599,0.0793123251300069,-0.0431946770931151,0.0133809200683512,0.012251842156296,-0.0707220067477729,0.06807599452447,0.0251850012844937,-0.074538529957612
-0.00327147133175624,-0.0779611842297379,0.0721885431167942,-0.0123230693070329,0.00752866081710379,-0.0598499223823263,0.0581502300361856,-0.0778019456774486,0.0508011407456439,0.0163086686577049,-0.0132347261202906,-0.0292014590595466,0.0175878424517502,-0.00145327500965845,0.00352135142160852,0.0120953454705905,-0.00530724727604602,0.0822968632828348,-0.0303998010146391,-0.0733488059698682
-0.0297590320901363,-0.0092742702256555,0.0417004788865664,0.0200318097681806,-0.00851426808286021,0.0215388478934936,0.0722235146452337,-0.125992017767308,0.0549613090526601,0.0741407592121453,-0.0332629929854633,-0.0361435973542049,0.00349628555554253,-0.0694751320805513,-0.0685635277498112,-0.000982548071283451,-0.0651179004584263,0.0575151439191316,-0.0344997018559621,-0.0409702668164166
0.00845153702367914,-0.092577478499636,0.0715746548256839,-0.040840594661612,-0.0450620079290987,-0.0476370383979538,0.0118825199088809,-0.0238025581487609,0.0724476504381478,-0.00189463960661289,0.121262277279738,0.00207756303363114,-0.032340254231059,0.0116700210119833,-0.00319599364853922,-0.0094375538146061,-0.0518924789426096,0.0305387900635004,-0.0399852017451136,-0.0500470883077996
-0.0295420976584163,-0.0668897828658142,-0.0297426519953621,-0.0163098672202247,-0.0240092930679187,-0.0835766654454571,0.0306448912501078,-0.0172922081982851,-0.00316722150757815,0.0409887492957729,0.100778911145389,-0.0324236663823284,-0.0102705598969943,0.0376923714224605,-0.00514261425874368,-0.0945197360514357,-0.0158579305531898,0.0142864194251943,-0.0216361165240693,-0.027942094965889
-0.0218147440733817,-0.0721332424762691,-0.00411398281111516,0.0128231540450709,-0.0108230740142504,-0.0115134349879866,0.00237408913359305,-0.04566787525298,0.0116478662684137,0.0557696953105391,0.00103018322264445,-0.00224342487165594,-0.0184332732902658,0.0459472390605288,-0.0109265082993601,-0.028190590462988,-0.0282574464441063,0.0609792065080264,0.018121686897804,-0.0206986559798734
-0.0232926868389859,-0.0228106888684852,0.0504858177876557,-0.0118941085889881,-0.00876279094521631,-0.0677022979983603,0.011238203998818,0.00327774965855818,-0.0139796390419063,0.0188623404359265,0.0013561833219545,-0.0216849520790954,-0.104750258003127,-0.0180237938121489,0.0667191965220885,-0.100551440708669,-0.0128675907798186,0.031098337987972,-0.0118235864488001,0.0310602720788478
-0.0248727811023684,-0.0462966890070289,0.0409084708740814,0.011821794580608,0.0134141006622162,-0.102833601894073,0.0400524820385951,0.041412177648677,0.0126096487720253,-0.0147275805811142,-0.0258942873420301,-0.0439831896097296,-0.0541343268322232,0.0325895845375356,0.00842387111283993,-0.03391179190868,-0.0579648201581885,0.0393171038227588,-0.0098846880137396,0.0320213153927701
-0.0633383084790658,-0.015954510669453,-0.068153873569919,0.00061487026552016,0.0275418477419482,0.00112842815160549,0.0158892925829684,-0.0281264146857139,0.0929436186202945,0.00515786134356332,-0.0354183405304388,0.00384924162777387,-0.00884531367162442,0.008895180455949,-0.0241239914321327,0.00773940818746066,-0.110582267466054,0.117409259063443,-0.0668639929385673,0.0303823777038172
-0.0565839983947087,-0.0043728460833555,-0.0125928536678656,-0.0719490883159634,0.029048522827876,-0.025933249615764,-0.0163266272001433,-0.013274940129745,0.125392198774471,-0.018679937844064,-0.0354865921922957,0.0162671785921482,0.0412573238679744,-0.0224279500826929,0.00201077907231574,0.00409958473975813,0.00954217410278628,0.182699217820126,0.0337479154959948,0.104604612818697
-0.0384910161461877,-0.0566969907848585,-0.0816309139703004,0.0450686749814576,-0.0341058076919049,0.0603282509840512,-0.0482826659885595,-0.0022518961483094,0.0327355939444093,-0.0124244928341743,-0.0219646727416439,0.0636351075376415,-0.05994435402779,0.0141843685110506,-0.0285141268477916,0.00861087850786886,-0.0801938417109849,0.050172517697355,-0.0814571699524724,-0.0324086768250069
-0.0584002474950995,-0.0618886770211098,-0.0903018410704526,0.0274512777684681,-0.0146150255949866,0.0162823345070505,-0.0174717710671658,0.0323373673301579,0.0258677004433985,-0.0306321723210057,0.00214607195004384,0.00670383035312376,-0.0128629833680205,0.0667426887157716,0.0501726361491956,-0.00320655809228065,0.0522215774767345,0.0762740504785118,-0.0254687265428612,-0.0436034231154408
-0.0474778414195917,0.029929151081377,-0.00219222550550322,-0.0275878381297915,-0.0489598908115956,-0.0729136621444234,-0.0193888067999366,-0.023307418021093,0.0720843724082799,-0.0545893810788503,0.00730445463175925,0.0343826969675384,0.0210766969646936,-0.0396864240755872,0.012779506560098,0.109441946524859,-0.0764800719654087,-0.0160149362154277,0.0041977649684562,0.00319102112350124
-0.023336552996982,0.00875183114096211,0.00140589719433055,-0.0188718370174676,-0.0567379159374473,-0.0780457246925727,0.014711691643157,-0.0597902314313254,-0.00424987642138855,-0.013824257728992,-0.0120288930036113,-0.0401387177600239,-0.0146131787012768,-0.0819992008634099,-0.0156585325041685,0.0112767097830507,-0.0586363709334704,-0.0422083974078665,0.0127990016617975,0.0311404553527611
-0.0498801537405789,-0.0377413081700687,0.00721810412370411,0.0749984055758755,-0.0418954604176139,-0.0690793561499699,-0.00129533454809384,-0.098519739840578,0.0350752893711225,-0.0479975183084707,0.000879836275359464,-0.0576551885416706,-0.0148211953774927,0.0777460967005275,-0.0328490198266917,-0.0551921756478645,-0.0559998580464921,0.027677119787608,-0.0851125989246603,0.0110821915631144
0.00227403871752278,-0.0658728429421246,0.0411711048334946,-0.0813583979356787,-0.072289528397065,-0.0660466762716787,0.0385589505676482,0.0306351352582799,0.0444559986203866,0.0123713679077066,-0.0108742796442245,-0.0163536543564301,-0.0216492230543952,0.064982735922145,-0.0800279338943392,-0.0573977434085667,-0.00993969455849343,0.0439251814075162,-0.0280049352635492,-0.0147468821625604
-0.0103840567361539,-0.0537375936702104,0.046084405882826,-0.0475265574908829,0.0342551999081434,-0.0142940580072288,-0.0942571902821698,-0.0282324623876936,0.0189749644342323,-0.10990827662199,-0.0303801134694325,-0.0588103494738967,-0.0537751186921545,-0.00560318797837884,-0.00147302601943073,-0.0877621502147704,0.0250630249785034,0.0967803013055739,-0.0319176932249491,-0.0574950411816634
-0.0411757579239352,-0.0182735893312844,0.0455473189014036,-0.0727516480315533,0.0106283719101914,-0.0308826643384274,-0.0782697867437709,0.0302495635191713,-0.025569392382852,0.00994464208851182,-0.0368849652507496,-0.119488783025979,-0.107850357577355,-0.0243214400340331,-0.0919230146388539,-0.08947574657541,-0.00953980112779033,-0.00433448927795829,-0.123044736081105,0.000264272571147238
-0.0052034863101965,-0.0448741733617751,-0.00179715951843698,-0.0795914008401041,-0.0466511612532253,-3.8852738955881e-05,-0.0376054338123546,-0.000424865943757593,-0.0010615198950071,0.0664147896444722,-0.0162592071865729,-0.0305933586948092,-0.0528489280890008,-0.0186775010374523,-0.0310228340634808,-0.0597747189687773,0.0189516999624155,0.0327309401277569,0.0219657124666317,-0.0307364373553537
-0.0719365085242108,0.0183263948603038,-0.0225118733696353,0.0129943010525578,0.0270269148591175,-0.171688194407857,-0.0124733760914945,-0.0698004367674976,-0.0212243559771674,-0.0558297104623443,-0.0449816250209889,-0.026558496282115,0.0247925732538115,-0.0309166033451928,0.00820403785807336,-0.075643412344286,0.0717161061086138,0.0209555252256102,0.0171720018019817,-0.00650552228681044
-0.00662776215780618,0.0672216359766606,0.00331921994575627,-0.079944778028538,-0.00489403500288671,-0.0387117850342671,0.0232873160516384,-0.0315626528887404,-0.0557935408404202,0.0729053680322299,-0.0078801485057151,0.0528299341458293,0.0197241828011813,-0.086507375929162,-0.00104743491681894,0.020486332073134,-0.0272889235956387,0.0424586931129659,0.00749478847391388,0.0195178132485145
-0.015411042515606,0.0374680457117481,0.00987586667833071,-0.0848130810601149,-0.0825058220503831,0.00380003616043778,0.00568940428694335,-0.00107282907454723,0.00485336803998276,0.00305685613257089,0.0421981103910887,0.0674649954391201,0.0261982614496328,0.0044918425886425,-0.021633194442225,0.000605681349080755,-0.0365473858109958,0.0110657241680776,-0.0171980384817226,-0.0129422253525124
-0.0650821292308951,0.0213969580473905,0.071547606249195,-0.015457769199727,0.0447635819002792,-0.0141240684456387,0.00890442251974678,0.0260057615781491,0.0130825895950031,-0.0082225138307094,-0.0716833756105646,-0.0318321964661553,0.00815312614716772,0.0201170141128191,-0.15300827141061,0.0209143522429167,-0.0364953717055888,0.0212999372172045,-0.0401500274370279,-0.0960954865884406
-0.0477034710843743,-0.0315835163120921,-0.0345412401547113,0.00189883778590517,-0.00943135513080954,-0.0223555491230015,0.0507968806611822,0.0708301648892055,0.055306633016606,0.0430495386269166,0.0884805092552986,-0.00616633283264344,-0.119948888895379,-0.04953184946003,-0.0369888868039325,-0.0140768619170963,-0.0547837321169283,0.0610136908151785,-0.026245310474683,-0.0653744580802079
-0.0307428469635972,0.0464604553355049,0.0283497092538085,0.00738167665576101,0.0526101858911447,-0.0888116212511562,0.0621671416326519,0.0697227563369841,-0.0155085936945429,0.0692994563563832,0.0101206902420849,0.0481480622330248,-0.0318394049351947,-0.018850856186598,-0.0649731287389056,-0.032826837603857,-0.146467170590616,0.029874062248854,-0.0226490109127679,-0.0418820378742919
-0.041009680034869,-0.0203991776257643,0.0542337129117401,-0.0681366128898335,-0.0814205555806652,-0.0166672255047147,0.0911940500513801,-0.0596336781251946,0.0328220931128345,0.0159931230869986,0.0336128200485723,-0.0491808623285092,0.00243127851834981,0.0114091789918864,-0.0410072124443245,-0.0264954904917384,-0.0200407196902908,0.102559762586363,0.0161693889555774,-0.00685812955123493
-0.019435536368431,-0.0251629794097904,-0.0335855026964141,-0.0485027550753534,-0.00986832114099395,-0.034450175478777,-0.0126006701010921,-0.11872870701697,0.0177093940047766,-0.000569300155474583,0.0168543572091479,0.101929803080198,-0.0226632010591387,-0.0427205464165522,-0.0176966228756876,-0.0289243838097453,-0.066043183794538,0.0551869386330169,-0.0167526707683448,-0.0728757390956912
-0.00458047248884346,-0.0663638670235291,-0.0517618401638995,0.00679708037724694,0.0194730150305766,-0.0375615455145229,-0.024076691318372,-0.0717724807755124,-0.0228589400261808,-0.00992043177436906,0.0664687941368808,0.0475443129910627,-0.108823979555552,-0.0810420659892019,0.00356378882731416,-0.0265089723171456,-0.0832519611599951,0.0505224821299407,-0.0280326362598221,-0.0563831855178757
-0.0256729424490845,-0.0778818313923625,0.0542954687779129,0.0587777147401248,-0.031074707338804,-0.0468994058029293,0.0584642244769722,-0.0112679832797099,0.0758218166041961,-0.0328769801713326,0.0766173801397415,0.0122364915076498,0.0473540580233177,-0.0030062995706355,-0.0286930887220924,-0.027068695953809,-0.0316455359956783,0.00887564834924051,-0.102947427497787,0.0285766773607408
0.00107748231881156,-0.0485306473549085,0.00583977620804459,0.0244633831647877,0.0480612727190603,0.0196349669504725,0.0489879127300325,-0.132246888203401,-0.0573205972057567,0.0460817551349158,0.0488690814728701,-0.0360019129984,-0.0261011044433316,0.0578202777818033,-0.0185266682724317,0.00452756259862308,-0.0641632267953254,0.0776440290875132,0.0460813332409722,0.015642855004731
-0.0352998170627448,-0.000896569018542776,0.0128888515405815,-0.0565371941716133,-0.0705418706091299,-0.0121880643609253,0.0393022503832783,0.0192005266784009,-0.0236487821876868,0.0301323672503502,-0.00872445177478207,-0.0506241129199161,0.0043781117653871,0.037172755120308,-0.112449657181928,0.0449959056797669,-0.0284723547895023,0.0584580548513652,0.00910390447436944,-0.00666764926619865
-0.0568027107844937,-0.0484441700606625,-0.169627579143893,-0.0750265737310284,0.0866351436303106,-0.0484877906241417,-0.00511240036656332,0.011559722334624,0.0358097036117093,0.0822886064517322,2.23279341531184e-05,-0.00661572858875134,0.012320000140752,0.0389614081014583,0.0572214343501401,0.0119432036791697,0.0271983624367148,0.0467525022941621,0.028452726732968,-0.00223540219281247
-0.0131165092594116,-0.0585072805893263,0.0261369720783423,0.0377456896882306,0.0225847056917857,-0.0211494170588984,-0.024377920392988,-0.0477271645645336,0.0491403980142042,-0.0194077812853461,0.0128368137815341,0.00974018402991751,-0.0206538841734184,-0.041085039721108,-0.0175464645413058,-0.0429869089930333,-0.0643043174090644,-0.031052639377277,-0.0197234517560172,0.00519911224648392
-0.0691694861275758,0.0114697470273924,0.00458156364309374,-0.0340008907085127,0.0703256266542199,-0.0899647712896056,0.0295737242776975,0.0563165587058725,0.0641434411506113,-0.0103518212309443,-0.0566085137455093,0.0164356351463217,0.0304810540599121,-0.0134922555424776,-0.0229619090738805,0.0304920875350339,-0.0359053367054127,0.0353548146629444,-0.0192161061362026,-0.118715837744318
-0.0648582186216253,-0.0219719452979991,0.0350621587014168,-0.117381828171114,-0.0280462092290705,0.0145048378715253,-0.0361326465444991,-0.0292598263469522,-0.023609389165257,0.020421909681232,-0.0693519044415789,-0.0957648870796165,0.00706961406894418,-0.00784496263008117,-0.0856401200398433,0.00205220495682327,-0.00721393922090374,-0.00214168657247877,-0.0741066384225123,0.0548326170895528
-0.0241448044883281,-0.0612741793387397,-0.0897800677997273,-0.0429651659831531,-0.0881866878056688,0.0291980068590529,0.00143578907318815,0.0111750753483541,-0.000639901326635905,-0.111819812793829,0.0539648948919926,0.00814746096071954,0.00841457797149322,0.0769507699787615,-0.0327531816706289,0.0788813472526304,-0.0160581139245565,0.0438291374528511,-0.0474617510681038,0.0554301691462167
-0.0186291070248431,0.00245415243935716,0.0226643012844512,-0.0268448328964281,0.0214216446608373,-0.0320427474194487,0.0675940056857915,-0.0163630063259793,-0.0169970575636911,0.0138701647482481,-0.0816606202293175,0.0786683882132285,-0.00230980687456228,-0.023048051457756,-0.00415586231208482,0.0228075822383899,-0.0764433688374507,0.0242881913085213,-0.100860242937804,0.172805915145753
-0.0171941016632361,-0.0194333921444543,0.0569931760750852,0.0232635390650777,0.0382581329897374,-0.0547684548940568,0.00437339863797203,0.0477017736905733,0.047422257489428,0.0206452225083447,0.0271117121319447,0.0812617885303677,-0.103701734457542,0.0351792909518974,-0.0503341717082064,-0.0822027662269645,-0.0309862576423246,0.0403139773117211,-0.0314905923531324,-0.0134716388953007
-0.00927416418553375,-0.0668566513689093,0.0498919339900543,-0.00212731042836213,-0.0116424967863919,-0.0408133044839669,0.0423393472384284,0.0185344884323844,0.06793970745894,0.0413138047307673,-0.0219545026234504,0.0511786849698597,-0.0593959895245363,-0.0433678517179546,-0.0309415856237366,0.00864713001363769,0.0405031700496864,0.0353113906042132,-0.117489791810877,-0.0102696997600257
-0.0193833154282306,-0.0460735912725999,0.0139808293234057,-0.00652682229000164,0.0493077719640531,-0.00592381012561751,-0.0062462838074628,-0.017013163299415,0.0259165028800361,-0.00447023427068066,0.027495116132378,0.0907514894381909,-0.0527025944505935,0.010729353679228,-0.00145938823771104,-0.152449529661999,-0.0713833311171394,0.051826574721647,0.0330688490966142,-0.0861105850046017
-0.038745401729578,-0.0435341724854793,-0.123137267675764,-0.0169182892369806,-0.00702741976705447,0.0729978468443283,-0.0486883017532771,0.0660922498232777,0.0271601309675532,0.0273493807307213,0.0300264214239349,0.0159377894006233,-0.07531873539951,0.0361642866503144,-0.0224823467542609,-0.0146330784454942,-0.0345305484630691,0.0344534658619193,-0.0166328829763345,-0.0245270022280117
-0.00639106046359029,-0.0827983020851715,-0.0142932899460004,-0.0210416063814025,-0.0240885776853907,-0.0100170562156065,0.021272974834113,-0.0321235384756554,-0.0596608036076181,0.00783340958916258,0.0466947932991419,0.00792106733339871,-0.00316162775704896,-0.0111884840982575,-0.00751590045381905,-0.122540911832113,-0.0337161865336322,-0.010621428942907,-0.0422995482804395,-0.00918764781200825
-0.0217758681798675,-0.081397173329943,-0.00555663706080881,0.00547516849527871,0.0233088956145491,-0.0242779888308834,0.00404873327472928,-0.03530073813613,0.0514039786229337,0.0187859074027969,0.0853408839349339,-0.00246268126690346,0.0260813030939748,0.0918822219287938,0.0380567289967882,-0.050270955163721,-0.0358872569471295,0.0992715255019,-0.0240622354951098,-0.0470029202928519
-0.032862724844344,-0.0283048763103007,-0.0386081789026928,-0.0184361443812826,-0.0245839801496152,-0.0911599302560509,-0.0459689320132092,-0.0611824609142537,-0.0286074666365167,0.0631290704928688,-0.0111303836662103,0.0466260211983489,0.00263752062605898,0.0110333718973584,-0.0182723723597521,-0.0626706277289855,0.0245785810395517,0.0623626038138809,-0.0165175846660067,-0.0659744039816367
0.00373035112398936,-0.0432927381355349,0.040201632590699,-0.0905973199582719,-0.0595109980527512,-0.0556845414273333,-0.0116018922280687,0.0230415940094413,0.0083243140333148,-0.0676847829877865,-0.078380618035278,0.0244925764766048,-0.0727892797564608,0.0383862803335694,-0.0177938050015625,-0.0596801412105308,0.00575013254558072,0.0146918687201047,-0.0114535794343069,-0.00350081968045061
0.029228026976546,-0.0753051207460226,0.0169257905289886,-0.0984803223258339,0.0154859963225138,-0.0501471495114491,0.0102522831933863,-0.0520927992596845,-0.035225830959052,-0.109651533295014,-0.0229664193061131,-0.00709913722690112,-0.0249526847957416,-0.0754916392836317,-0.0122306117087569,-0.0551087310367796,-0.036670441010778,0.0508172315558926,-0.0104206146193595,-0.0695559805822294
-0.0639392825081259,-0.0294433925016207,-0.0613588434612206,0.0341563464114845,0.0867902183250568,-0.0092971386543375,0.114844141192,0.012205619322637,0.0742687981552444,-0.0354678214117032,-0.0647981661149617,-0.0478403824382878,0.0138720912154115,0.0269006436121227,0.0269137442128039,-0.0495098388986803,-0.0946660964247478,0.0527964607622336,-0.0278610516594293,-0.0172356369086465
-0.0558771210878089,0.0243858776237491,-0.0570085589436818,-0.037535558103653,0.0560076403116022,0.0523808195075105,-0.0195463956597503,0.0398952968884062,0.0569478275864747,0.0389220247012222,-0.0414194674596888,-0.00938471931167643,-0.0899670950175558,-0.0220157195008018,-0.00377484926450342,-0.0280709010819452,-0.0550018927994055,0.113015171220484,0.0610750332103319,-0.0131672562434996
0.0137704979459639,-0.0367225642940553,0.00381583280842706,-0.0495432179415793,-0.0400458326280608,-0.0599792755854501,-0.0788183633621828,-0.0130461103770437,0.0191764243165092,-0.018003403447128,-0.0309252186487627,-0.0273765667739096,-0.070738891770016,-0.115602374594519,-0.0545661753710779,0.0189778938000047,-0.00085957095494201,0.0246241293153991,-0.0640210714124021,-0.0133534755638765
-0.0221141557925136,-0.0525699157850727,-0.0367051852775821,0.0393826618978144,-0.0395145212345082,0.0178451775664363,-0.0197236998977938,-0.0313284492552598,0.0174799060797665,-0.0466682969242946,-0.0665411166416207,-0.0386961409546531,-0.0557135806765907,0.021598278186665,-0.0189947005538156,0.0354717918604503,-0.0567962391814559,0.0378535654607942,-0.0763392510787951,0.0337393426083797
-0.0566979039094265,-0.0205927552771908,-0.0481594057631631,0.0472561218989684,-0.0435489229124809,0.0408703255270733,-0.00237454825537152,0.0465745272398875,0.0392323704491501,0.0132256232307024,0.0100563580706522,0.025883503696272,-0.0428533147239401,-0.0238076445620481,-0.0286012209064352,-0.0425096101774737,-0.00952310127031991,0.0468342760503375,-0.0695635513651238,-0.0565047344285498
0.00294758295156744,-0.0710827164102004,0.0295279684947992,-0.00769863012239718,-0.0752106999304153,-0.0295360549631393,0.153154451818734,-0.0869432112989017,-0.0551471410665165,0.00758443654851078,0.0431730784493084,-0.0685363093471295,-0.0356661163511404,-0.0037918734026397,0.0260305969372195,-0.11400467340186,-0.0045377130261459,0.00496468485879693,-0.0721527822987056,0.0606505588124083
-0.0146970964067301,0.0266991353949417,-0.0186449387594084,-0.0320151502337185,-0.0209217427733751,0.0235228808179954,-0.0132647117317382,0.015273915598529,-0.031075079973373,0.0396922894361404,0.030295972942202,0.0524407316597988,0.0701345697742195,0.033891597097963,0.0441806232657323,-0.0100816191608807,-0.148306193128849,-0.0262234832250355,-0.0638382740536338,-0.0404087104655333
-0.0118948559002437,0.0651928462869752,-0.00552956066307316,-0.0723484060910873,-0.00320349155485175,-0.022220426835374,0.043459384914328,-0.0325469486085157,-0.0497975621434305,0.0586017982239004,0.0388463344464994,0.0233622448381931,-0.0344581973893204,-0.0956819789292304,-0.0196965774530955,0.0369897527666114,-0.00804570559151867,0.000645161957130118,-0.060127807386262,0.0846126222008828
-0.0721736163398832,0.0222337228651332,0.00549354969576728,-0.0237487968877178,0.038601819704888,-0.10321160191403,0.0585551501236535,0.0199973456230474,0.0640500761790678,-0.0387221786389443,0.0182482307637179,0.00627994623683199,0.0609190264754971,-0.0734738471415295,-0.014904577797336,-0.0719308340363794,0.0175540076380332,0.00384672656810374,0.0194734627507125,-0.0612029265639802
-0.0447175734829634,-0.000813001961002538,-0.0435808469657569,0.0272094970983819,-0.0342237108827218,-0.0761292549194936,0.0464398932143529,0.0502987971310531,-0.0115397621899312,0.00862486931160472,0.0717032921528496,0.00722476085713184,0.0379692081270387,-0.0919979747349242,0.0382808826771751,-0.024616534831597,-0.0602541744670002,-0.0105034649600669,-0.0262114193959759,-0.00652461907740085
0.00368255392337197,-0.0384971358674815,0.014615377207036,-0.130726958073894,-0.0326187248579868,-0.0487371606166193,-0.0963245491087179,0.0241627559686485,-0.0302594840641167,-0.00973447299723493,-0.0796662813546379,-0.0675536247813198,-0.0184211467984898,-0.00104933326925611,-0.0546808037692238,-0.0015028491745636,0.0142615478002884,-0.0268970370526496,0.0131845259963482,0.0394709350589804
0.00245994726069973,-0.0695412178040191,0.000618927221814295,-0.0777541298889831,-1.71036921393706e-05,0.00770158663517068,0.000355560080914783,-0.0256991519198748,0.0225988517465483,0.0271216899924525,0.0225043573480906,0.00749083542793621,0.0165163131048053,-0.0754307506950475,-0.00772315948915212,-0.0151051306956876,-0.0420728089525162,0.0333553616105386,0.00516859423169899,-0.0479575515129806
-0.0178267716953099,-0.0116300639146442,-0.0614008210085579,-0.074968687328238,-0.0571299944315382,0.00965519909228302,-0.035733310017267,-0.0266632237541795,-0.0129959140214463,0.0744515398323071,-0.0113387867307595,-0.0295201829841224,-0.0325580614356674,-0.0175171534398379,-0.0215371546131516,0.0403828877716184,-0.0195994453365972,0.0604292179671122,0.0699845926493587,0.0324686698525393
-0.0584479869998692,0.035728733069293,-0.0473779045439304,0.0388692776011287,-0.0311300121285089,-0.0588599239306923,-0.000603163317461697,0.00512281456467052,0.0234528531753854,-0.0153793787657468,0.0363667670679158,0.0495279371969769,0.0730902088575443,0.00194278650418536,-0.0926571656480152,-0.00678279519097238,0.00120593948960335,-0.000103300796177888,-0.0128546689723078,0.0463799179928756
-0.0806623858283148,0.0108241370633736,-0.0987870710622605,0.0765480966238558,-0.0553373825413846,-0.0483657076648682,-0.0252337608368061,-0.0637309039725617,-0.0260552404221604,-0.0433809565485714,0.020304360450414,-0.0914076344115549,0.0106880506576883,0.0279641090604352,-0.0526668342698392,-0.0127926101480335,0.0228019184490482,-0.0161625740415238,-0.0528666101085235,0.0606233372879139
-0.0318042633947273,-0.0283715795698176,0.00517532960157445,-0.00447320323900773,-0.0478566985281733,-0.0600932925537804,-0.0277589312612024,-0.122346286701706,-0.00855973355791374,-0.0539916155463668,0.0115557335788847,-1.7646006324035e-05,-0.00674849056146993,-0.00033382932697411,-0.131155066395016,-0.0917852324863212,-0.0396707039527448,0.00299602199611399,-0.0674710508798429,-0.0841616102465644
-0.065362812483698,-0.0165277841487023,0.00131590780401603,0.0158585943466375,-0.0155943128418254,-0.0694834632168558,0.0664534903691171,-0.0193580036458464,0.0524440042075252,8.42589661423791e-07,-0.0235259096265007,-0.0673829668788748,-0.00292112398024368,0.0465097843980318,-0.00557684647498649,0.000813450040770214,-0.110765656555638,0.0784302838401781,0.00592886629845124,0.000119110608992938
-0.0910961375464233,0.0663697739595798,0.0353955963919976,-0.0173929873917727,-0.0558181376009644,0.0268590710991715,0.00279097119077146,0.0431490278017903,0.0065359132859582,0.00677302099739484,0.0354081720325282,-0.0459476228913279,0.0023145963579911,-0.0975017767629324,-0.0759020807825758,-0.0221256538727103,-0.0407563490622166,0.00213524500647394,-0.0118159886963615,-0.0817751957907617
